period,房地产施工面积_累计值(万平方米),房地产施工面积累计增长(%),房地产新开工施工面积_累计值(万平方米),房地产新开工施工面积累计增长(%),房地产竣工面积_累计值(万平方米),房地产竣工面积累计增长(%)
2025年12月,659890.29,-10.0,58769.96,-20.4,60348.13,-18.1
2025年11月,656066.2,-9.6,53456.7,-20.5,39453.93,-18.0
2025年10月,652939.03,-9.4,49061.39,-19.8,34861.0,-16.9
2025年9月,648579.75,-9.4,45399.32,-18.9,31128.88,-15.3
2025年8月,643108.94,-9.3,39801.01,-19.5,27693.54,-17.0
2025年7月,638731.27,-9.2,35206.14,-19.4,25034.41,-16.5
2025年6月,633321.43,-9.1,30364.32,-20.0,22566.61,-14.8
2025年5月,625019.54,-9.2,23183.61,-22.8,18385.14,-17.3
2025年4月,620315.05,-9.7,17835.84,-23.8,15647.85,-16.9
2025年3月,613705.44,-9.5,12996.46,-24.4,13060.27,-14.3
2025年2月,605972.35,-9.1,6613.94,-29.6,8764.21,-15.6
2024年12月,733247.36,-12.7,73892.84,-23.0,73743.21,-27.7
2024年11月,726013.91,-12.7,67308.44,-23.0,48151.71,-26.2
2024年10月,720659.8,-12.4,61226.93,-22.6,41995.15,-23.9
2024年9月,715967.59,-12.2,56050.75,-22.2,36815.56,-24.4
2024年8月,709420.5,-12.0,49464.89,-22.5,33393.56,-23.6
2024年7月,703285.74,-12.1,43732.89,-23.2,30016.52,-21.8
2024年6月,696817.85,-12.0,38022.53,-23.7,26518.89,-21.8
2024年5月,688895.68,-11.6,30089.53,-24.2,22245.03,-20.1
2024年4月,687544.48,-10.8,23509.73,-24.6,18860.34,-20.4
2024年3月,678501.0,-11.1,17282.82,-27.8,15258.65,-20.7
2024年2月,666901.62,-11.0,9428.94,-29.7,10394.66,-20.2
2023年12月,838364.46,-7.2,95375.53,-20.4,99831.09,17.0
2023年11月,831344.9,-7.2,87455.66,-21.2,65237.02,17.9
2023年10月,822894.94,-7.3,79176.6,-23.2,55150.72,19.0
2023年9月,815688.35,-7.1,72123.41,-23.4,48704.63,19.8
2023年8月,806415.25,-7.1,63891.13,-24.4,43726.13,19.2
2023年7月,799682.27,-6.8,56969.11,-24.5,38405.13,20.5
2023年6月,791548.25,-6.6,49879.5,-24.3,33903.81,19.0
2023年5月,779506.41,-6.2,39722.73,-22.6,27825.96,19.6
2023年4月,771271.07,-5.6,31219.95,-21.2,23677.73,18.8
2023年3月,764577.16,-5.2,24121.15,-19.2,19422.12,14.7
2023年2月,750239.55,-4.4,13567.23,-9.4,13177.78,8.0
2022年12月,904999.26,-7.2,120587.07,-39.4,86222.22,-15.0
2022年11月,896856.56,-6.5,111632.04,-38.9,55708.82,-19.0
2022年10月,888893.8,-5.7,103721.71,-37.8,46564.58,-18.7
2022年9月,878919.41,-5.3,94767.26,-38.0,40878.97,-19.9
2022年8月,868648.52,-4.5,85061.83,-37.2,36861.14,-21.1
2022年7月,859194.16,-3.7,76066.76,-36.1,32027.62,-23.3
2022年6月,848811.99,-2.8,66423.47,-34.4,28635.79,-21.5
2022年5月,831525.06,-1.0,51628.07,-30.6,23361.6,-15.3
2022年4月,818587.74,0.0,39739.01,-26.3,20030.06,-11.9
2022年3月,806259.46,1.0,29837.59,-17.5,16929.25,-11.5
2022年2月,784459.24,1.8,14966.74,-12.2,12199.53,-9.8
2021年12月,975386.51,5.2,198895.05,-11.4,101411.94,11.2
2021年11月,959653.82,6.3,182819.53,-9.1,68753.82,16.2
2021年10月,942858.63,7.1,166736.25,-7.7,57290.28,16.3
2021年9月,928064.72,7.9,152943.59,-4.5,51012.65,23.4
2021年8月,909992.02,8.4,135502.09,-3.2,46738.95,26.0
2021年7月,891880.29,9.0,118948.27,-0.9,41782.25,25.7
2021年6月,873250.61,10.2,101288.34,3.8,36481.04,25.7
2021年5月,839961.63,10.1,74348.71,6.9,27582.69,16.4
2021年4月,818512.92,10.5,53904.55,12.8,22735.52,17.9
2021年3月,798393.85,11.2,36162.54,28.2,19121.96,22.9
2021年2月,770628.93,11.0,17036.94,64.3,13524.97,40.4
2020年12月,926759.19,3.7,224433.13,-1.2,91218.23,-4.9
2020年11月,902424.8,3.2,201084.67,-2.0,59172.64,-7.3
2020年10月,880117.46,3.0,180718.42,-2.6,49239.73,-9.2
2020年9月,859820.27,3.1,160090.0,-3.4,41338.2,-11.6
2020年8月,839733.6,3.3,139916.96,-3.6,37107.48,-10.8
2020年7月,818279.71,3.0,120031.54,-4.5,33248.41,-10.9
2020年6月,792721.18,2.6,97536.43,-7.6,29029.81,-10.5
2020年5月,762627.75,2.3,69532.81,-12.8,23687.12,-11.3
2020年4月,740567.73,2.5,47767.62,-18.4,19286.05,-14.5
2020年3月,717886.41,2.6,28202.99,-27.2,15557.21,-15.8
2020年2月,694241.2,2.9,10369.62,-44.9,9635.54,-22.9
2019年12月,893820.89,8.7,227153.58,8.5,95941.53,2.6
2019年11月,874813.93,8.7,205194.43,8.6,63846.49,-4.5
2019年10月,854881.8,9.0,185634.42,10.0,54211.14,-5.5
2019年9月,834201.18,8.7,165706.71,8.6,46748.28,-8.6
2019年8月,813156.49,8.8,145133.07,8.9,41610.27,-10.0
2019年7月,794207.48,9.0,125715.88,9.5,37330.75,-11.3
2019年6月,772292.42,8.8,105508.6,10.1,32425.77,-12.7
2019年5月,745285.67,8.8,79783.53,10.5,26706.9,-12.4
2019年4月,722569.23,8.8,58552.34,13.1,22563.93,-10.3
2019年3月,699444.22,8.2,38728.43,11.9,18474.09,-10.8
2019年2月,674945.94,6.8,18813.78,6.0,12499.76,-11.9
2018年12月,822300.24,5.2,209341.79,17.2,93550.11,-7.8
2018年11月,804886.01,4.7,188894.53,16.8,66855.74,-12.3
2018年10月,784424.65,4.3,168754.05,16.3,57391.81,-12.5
2018年9月,767217.95,3.9,152582.72,16.4,51132.1,-11.4
2018年8月,747658.48,3.6,133293.15,15.9,46229.94,-11.6
2018年7月,728593.33,3.0,114780.62,14.4,42066.68,-10.5
2018年6月,709649.42,2.5,95816.6,11.8,37130.85,-10.6
2018年5月,684991.12,2.0,72190.34,10.8,30483.78,-10.1
2018年4月,664409.82,1.6,51779.03,7.3,25150.73,-10.7
2018年3月,646555.53,1.5,34614.96,9.7,20708.94,-10.1
2018年2月,632001.56,1.5,17746.29,2.9,14184.37,-12.1
2017年12月,781483.73,3.0,178653.77,7.0,101486.41,-4.4
2017年11月,768442.69,3.1,161678.65,6.9,76245.01,-1.0
2017年10月,752333.69,2.9,145127.07,5.6,65612.28,0.6
2017年9月,738064.53,3.1,131032.74,6.8,57693.83,1.0
2017年8月,721780.6,3.1,114996.2,7.6,52296.3,3.4
2017年7月,707312.81,3.2,100370.8,8.0,47020.6,2.4
2017年6月,692325.94,3.4,85719.61,10.6,41524.01,5.0
2017年5月,671438.23,3.1,65178.73,9.5,33911.06,5.9
2017年4月,654053.57,3.1,48239.92,11.1,28173.58,10.6
2017年3月,636977.01,3.1,31559.7,11.6,23030.73,15.1
2017年2月,622950.29,3.2,17238.39,10.4,16140.77,15.8
2016年12月,758975.0,3.2,166928.0,8.1,106128.0,6.1
2016年11月,745121.76,2.9,151303.48,7.6,77036.6,6.4
2016年10月,730980.81,3.3,137375.4,8.1,65211.16,6.6
2016年9月,716028.88,3.2,122655.32,6.8,57111.81,12.1
2016年8月,700120.98,4.6,106833.59,12.2,50592.3,19.1
2016年7月,685605.68,4.8,92944.18,13.7,45903.78,21.3
2016年6月,669750.49,5.0,77536.93,14.9,39545.96,20.0
2016年5月,651338.11,5.6,59521.61,18.3,32027.7,20.4
2016年4月,634261.07,5.8,43425.43,21.4,25478.22,20.1
2016年3月,617975.21,5.8,28281.42,19.2,20000.82,17.7
2016年2月,603543.72,5.9,15620.21,13.7,13941.84,28.9
2015年12月,735693.37,1.3,154453.68,-14.0,100039.1,-6.9
2015年11月,723989.92,1.8,140568.66,-14.7,72412.89,-3.5
2015年10月,707805.06,2.3,127085.85,-13.9,61200.64,-4.2
2015年9月,693652.06,3.0,114814.0,-12.6,50967.04,-9.8
2015年8月,669359.69,2.5,95181.85,-16.8,42475.17,-14.6
2015年7月,654172.48,3.4,81730.66,-16.8,37833.37,-13.1
2015年6月,637563.0,4.3,67478.78,-15.8,32941.25,-13.8
2015年5月,616903.06,5.3,50304.75,-16.0,26611.42,-13.3
2015年4月,599580.42,6.2,35756.09,-17.3,21209.94,-10.5
2015年3月,584018.38,6.8,23723.62,-18.4,16993.65,-8.2
2015年2月,570096.78,7.6,13743.52,-17.7,10814.54,-12.9
2014年12月,726482.34,9.2,179592.49,-10.7,107459.05,5.9
2014年11月,711307.44,10.1,164705.46,-9.0,75062.66,8.1
2014年10月,692132.3,12.3,147661.01,-5.5,63888.88,7.6
2014年9月,673229.98,11.5,131410.97,-9.3,56503.8,7.2
2014年8月,652952.5,11.5,114381.52,-10.5,49758.81,6.7
2014年7月,632684.92,11.3,98231.77,-12.8,43524.49,4.5
2014年6月,611405.64,11.3,80125.74,-16.4,38214.96,8.1
2014年5月,586080.91,12.0,59912.47,-18.6,30700.42,6.8
2014年4月,564782.49,12.8,43234.32,-22.1,23685.46,-0.3
2014年3月,547030.44,14.2,29089.66,-25.2,18520.17,-4.9
2014年2月,529592.92,16.3,16693.01,-27.4,12418.24,-8.2
